{
    "0": 0,
    "1": 137,
    "10": 0,
    "11": 0,
    "12": 2,
    "13": 0,
    "14": 0,
    "15": 0,
    "16": 23,
    "17": 4,
    "18": 12312313,
    "19": 40,
    "2": 25,
    "20": 40,
    "21": 75,
    "22": 50,
    "23": 42,
    "24": 45,
    "25": 37,
    "26": 45,
    "27": 0,
    "28": 0,
    "29": 0,
    "3": 28,
    "30": 0,
    "31": 1,
    "32": 0,
    "33": 0,
    "34": 0,
    "35": 0,
    "36": 0,
    "37": 0,
    "38": 0,
    "39": 0,
    "4": 32,
    "40": 0,
    "41": 0,
    "42": 0,
    "43": 0,
    "44": 0,
    "45": 0,
    "46": 0,
    "47": 0,
    "48": 0,
    "5": 30,
    "6": 23,
    "7": 28,
    "8": 0,
    "9": 0
}
